INSERT INTO Image (Id,Name, Content) Values(1,'20, ImageIdg Cheese Lays', file_read('src/main/resources/static/images/20g Cheese Lays.png'));
INSERT INTO Image (Id,Name, Content) Values(2,'20g Onion Zimba', file_read('src/main/resources/static/images/20g Onion Zimba.png'));
INSERT INTO Image (Id,Name, Content) Values(3,'20g Chilli Doritoz',file_read('src/main/resources/static/images/20g Chilli Doritoz.png'));
INSERT INTO Image (Id,Name, Content) Values(4,'20g Chicken Doritoz',file_read('src/main/resources/static/images/20g Chicken Doritoz.png'));
INSERT INTO Image (Id,Name, Content) Values(5,'500ml Original Coca Cola',file_read('src/main/resources/static/images/500ml Original Coca Cola.jpg'));
INSERT INTO Image (Id,Name, Content) Values(6,'500ml Original Fanta',file_read('src/main/resources/static/images/500ml Original Fanta.jpg'));
INSERT INTO Image (Id,Name, Content) Values(7,'500ml Original Sprite',file_read('src/main/resources/static/images/500ml Original Sprite.jpg'));
INSERT INTO Image (Id,Name, Content) Values(8,'500ml Original Coke', file_read('src/main/resources/static/images/500ml Original Coke.jpg'));
INSERT INTO Image (Id,Name, Content) Values(9,'500ml Original Pepsi',file_read('src/main/resources/static/images/500ml Original Pepsi.jpg'));
INSERT INTO Image (Id,Name, Content) Values(10,'400ml Redbull Enerygy drink',file_read('src/main/resources/static/images/400ml Redbull Enerygy drink.jpg'));
INSERT INTO Image (Id,Name, Content) Values(11,'4OOml Dragon Energy Drink',file_read('src/main/resources/static/images/4OOml Dragon Energy Drink.jpg'));
INSERT INTO Image (Id,Name, Content) Values(12,'400ml Play Energy Drink',file_read('src/main/resources/static/images/400ml Play Energy Drink.jpg'));
INSERT INTO Image (Id,Name, Content) Values(13,'400ml Pepsi Energy Drink',file_read('src/main/resources/static/images/400ml Pepsi Energy Drink.jpg'));
INSERT INTO Image (Id,Name, Content) Values(14,'400ml Monster Energy Drink',file_read('src/main/resources/static/images/400ml Monster Energy Drink.jpg'));
INSERT INTO Image (Id,Name, Content) Values(15,'10g Mentos Sweets',file_read('src/main/resources/static/images/10g Mentos Sweets.jpg'));
INSERT INTO Image (Id,Name, Content) Values(16,'10g Jelly Tots',file_read('src/main/resources/static/images/10g Jelly Tots.jpg'));
INSERT INTO Image (Id,Name, Content) Values(17,'10g Mango Tots',file_read('src/main/resources/static/images/10g Mango Tots.jpg'));
INSERT INTO Image (Id,Name, Content) Values(18,'12g KitKat Chocolate',file_read('src/main/resources/static/images/12g KitKat Chocolate.jpg'));
INSERT INTO Image (Id,Name, Content) Values(19,'13g Bar One Chocolate',file_read('src/main/resources/static/images/13g Bar One Chocolate.png'));
INSERT INTO Image (Id,Name, Content) Values(20,'5g Stimrol Chappies',file_read('src/main/resources/static/images/5g Stimrol Chappies.jpg'));
INSERT INTO Image (Id,Name, Content) Values(21,'15g Marie Buscuits',file_read('src/main/resources/static/images/15g Marie Buscuits.jpg'));
INSERT INTO Image (Id,Name, Content) Values(22,'15g Mango Buscuits',file_read('src/main/resources/static/images/15g Mango Buscuits.jpg'));


INSERT INTO Products (Id,Name, Description, Price, Quantity, ImageId) VALUES(1,'20g Cheese Lays', 'A delicious 20g cheese lays', 20, 100,1);
INSERT INTO Products (Id,Name, Description, Price, Quantity, ImageId) VALUES(2,'20g Onion Zimba', 'A delicious 20g onion zimba', 20, 100,2);
INSERT INTO Products (Id,Name, Description, Price, Quantity, ImageId) VALUES(3,'20g Chilli Doritoz', 'A delicious 20g chilli doritoz', 20, 100,3);
INSERT INTO Products (Id,Name, Description, Price, Quantity, ImageId) VALUES(4,'20g Chicken Doritoz', 'A delicious 20g chicken doritoz', 20, 100,4);
INSERT INTO Products (Id,Name, Description, Price, Quantity, ImageId) VALUES(5,'500ml Original Coca Cola', 'A delicious 500ml coca cola', 15, 100,5);
INSERT INTO Products (Id,Name, Description, Price, Quantity, ImageId) VALUES(6,'500ml Original Fanta', 'A delicious 500ml fanta', 15, 100,6);
INSERT INTO Products (Id,Name, Description, Price, Quantity, ImageId) VALUES(7,'500ml Original Sprite', 'A delicious 500ml sprite', 15, 100,7);
INSERT INTO Products (Id,Name, Description, Price, Quantity, ImageId) VALUES(8,'500ml Original Coke', 'A delicious 500ml coke', 15, 100,8);
INSERT INTO Products (Id,Name, Description, Price, Quantity, ImageId) VALUES(9,'500ml Original Pepsi', 'A delicious 500ml pepsi', 15, 100,9);
INSERT INTO Products (Id,Name, Description, Price, Quantity, ImageId) VALUES(10,'400ml Redbull Enerygy drink', 'A delicious 400ml redbull energy drink', 30, 100,10);
INSERT INTO Products (Id,Name, Description, Price, Quantity, ImageId) VALUES(11,'4OOml Dragon Energy Drink', 'A delicious 4OOml dragon energy drink', 25, 100,11);
INSERT INTO Products (Id,Name, Description, Price, Quantity, ImageId) VALUES(12,'400ml Play Energy Drink', 'A delicious 400ml play energy drink', 40, 100,12);
INSERT INTO Products (Id,Name, Description, Price, Quantity, ImageId) VALUES(13,'400ml Pepsi Energy Drink', 'A delicious 400ml pepsi energy drink', 35, 100,13);
INSERT INTO Products (Id,Name, Description, Price, Quantity, ImageId) VALUES(14,'400ml Monster Energy Drink', 'A delicious 400ml monster energy drink', 25, 100,14);
INSERT INTO Products (Id,Name, Description, Price, Quantity, ImageId) VALUES(15,'10g Mentos Sweets', 'A delicious 10g mentos sweet', 15, 100,15);
INSERT INTO Products (Id,Name, Description, Price, Quantity, ImageId) VALUES(16,'10g Jelly Tots', 'A delicious 10g jelly toots', 15, 100,16);
INSERT INTO Products (Id,Name, Description, Price, Quantity, ImageId) VALUES(17,'10g Mango Tots', 'A delicious 10g mango toots', 15, 100,17);
INSERT INTO Products (Id,Name, Description, Price, Quantity, ImageId) VALUES(18,'12g KitKat Chocolate', 'A delicious 12g kitkat chocolate', 15, 100,18);
INSERT INTO Products (Id,Name, Description, Price, Quantity, ImageId) VALUES(19,'13g Bar One Chocolate', 'A delicious 13g bar one chocolate', 15, 100,19);
INSERT INTO Products (Id,Name, Description, Price, Quantity, ImageId) VALUES(20,'5g Stimrol Chappies', 'A delicious 5g stimrol chappies', 15, 100,20);
INSERT INTO Products (Id,Name, Description, Price, Quantity, ImageId) VALUES(21,'15g Marie Buscuits', 'A delicious 15g marie buscuit', 15, 100,21);
INSERT INTO Products (Id,Name, Description, Price, Quantity, ImageId) VALUES(22,'15g Mango Buscuits', 'A delicious 15g mango buscuit', 15, 100,22);


INSERT INTO Cash (Id,Name, Quantity, Denomination) Values(1,'Five Rand', 100, 5);
INSERT INTO Cash (Id,Name, Quantity, Denomination) Values(2,'Ten Rand', 100, 10);
INSERT INTO Cash (Id,Name, Quantity, Denomination) Values(3,'Twenty Rand', 100, 20);
INSERT INTO Cash (Id,Name, Quantity, Denomination) Values(4,'Fifty Rand', 100, 50);
INSERT INTO Cash (Id,Name, Quantity, Denomination) Values(5,'Hundred Rand', 100, 100);
INSERT INTO Cash (Id,Name, Quantity, Denomination) Values(6,'Two Hundred Rand', 100, 200);

SELECT * FROM Products p JOIN Image i on p.name = i.name